Date,CPI,WPI,Money_Supply_M1,Money_Supply_M2,USD_INR_Exchange_Rate,Repo_Rate,Lending_Rate,Inflation,GDP,Crude_Oil_Price,Year,Month
31-01-1990,127.5,114.9,795.4,3166.8,16.96,8.23,9.83,127.4,5872.701,21.25,1990,1
28-02-1990,128,114.4,798.1,3179.2,16.96,8.24,10.17,128,5872.701,19.81,1990,2
31-03-1990,128.6,114.2,801.5,3190.1,17.07,8.28,10.23,128.7,5872.701,18.39,1990,3
30-04-1990,128.9,114.1,806.1,3201.6,17.23,8.26,10.26,128.9,5960.028,16.61,1990,4
31-05-1990,129.1,114.6,804.2,3200.6,17.38,8.18,10.67,129.2,5960.028,16.35,1990,5
30-06-1990,129.9,114.3,808.8,3213.7,17.38,8.29,10.29,129.9,5960.028,15.1,1990,6
31-07-1990,130.5,114.5,810.1,3224.5,17.45,8.15,10.06,130.4,6015.116,17.17,1990,7
31-08-1990,131.6,116.5,815.7,3242,17.37,8.13,9.84,131.6,6015.116,27.17,1990,8
30-09-1990,132.5,118.4,820.2,3254.6,17.64,8.2,10.19,132.7,6015.116,34.9,1990,9
31-10-1990,133.4,120.8,819.9,3259.3,18.06,8.11,10.08,133.5,6004.733,36.02,1990,10
30-11-1990,133.7,120.1,822.1,3262.6,18.1,7.81,10.13,133.8,6004.733,33.07,1990,11
31-12-1990,134.2,118.7,824.7,3271.8,18.16,7.31,9.81,133.8,6004.733,28.27,1990,12
31-01-1991,134.7,119,827.2,3287.7,18.1,6.91,9.56,134.6,6035.178,23.57,1991,1
28-02-1991,134.8,117.2,832.6,3304.5,18.6,6.25,9.56,134.8,6035.178,19.54,1991,2
31-03-1991,134.8,116.2,838.7,3321.9,19.08,6.12,9.4,135,6035.178,19.08,1991,3
30-04-1991,135.1,116,843.1,3332.4,19.61,5.91,9.49,135.2,6126.862,19.18,1991,4
31-05-1991,135.6,116.5,848.8,3343,20.2,5.78,9.47,135.6,6126.862,19.19,1991,5
30-06-1991,136,116.4,856.7,3351.9,21,5.9,9.48,136,6126.862,18.17,1991,6
31-07-1991,136.2,116.1,861.6,3356.1,23.09,5.82,9.62,136.2,6205.937,19.4,1991,7
31-08-1991,136.6,116.2,866.8,3355,25.74,5.66,9.44,136.6,6205.937,19.77,1991,8
30-09-1991,137,116.1,869.7,3354.9,25.83,5.45,9.14,137.2,6205.937,20.5,1991,9
31-10-1991,137.2,116.4,878,3360.1,25.77,5.21,8.87,137.4,6264.54,22.21,1991,10
30-11-1991,137.8,116.4,887.6,3365.5,25.85,4.81,8.78,137.8,6264.54,21.11,1991,11
31-12-1991,138.2,115.9,897,3372.2,25.78,4.43,8.62,137.9,6264.54,18.41,1991,12
31-01-1992,138.3,115.6,910.4,3381.2,25.79,4.03,8.24,138.1,6363.102,18.16,1992,1
29-02-1992,138.6,116,925.2,3400,25.84,4.06,8.67,138.6,6363.102,18.05,1992,2
31-03-1992,139.1,116.1,936.7,3403.9,26.3,3.98,8.85,139.3,6363.102,17.63,1992,3
30-04-1992,139.4,116.3,943.8,3399.7,29,3.73,8.96,139.5,6470.763,18.92,1992,4
31-05-1992,139.7,117.2,950.6,3398.6,28.4,3.82,8.84,139.7,6470.763,19.89,1992,5
30-06-1992,140.1,118,954.3,3393.4,28.7,3.76,8.59,140.2,6470.763,21.16,1992,6
31-07-1992,140.5,117.9,963.3,3393.9,28.65,3.25,8.29,140.5,6566.641,20.24,1992,7
31-08-1992,140.8,117.7,973.7,3398.8,28.45,3.3,8.06,140.9,6566.641,19.74,1992,8
30-09-1992,141.1,118,988,3410.3,28.48,3.22,7.94,141.3,6566.641,20.27,1992,9
31-10-1992,141.7,118.1,1003.7,3423.8,28.48,3.1,7.93,141.8,6680.803,20.26,1992,10
30-11-1992,142.1,117.8,1015.7,3426.5,28.48,3.09,8.29,142,6680.803,19.21,1992,11
31-12-1992,142.3,117.6,1024.9,3424.7,28.6,2.92,8.34,141.9,6680.803,18.14,1992,12
31-01-1993,142.8,118,1030.4,3419.1,29,3.02,8.07,142.6,6729.459,17.39,1993,1
28-02-1993,143.1,118.4,1033.5,3414.5,29.35,3.03,7.8,143.1,6729.459,18.47,1993,2
31-03-1993,143.3,118.7,1038.4,3411.7,33.5,3.07,7.44,143.6,6729.459,18.79,1993,3
30-04-1993,143.8,119.3,1047.6,3411.3,31.5,2.96,7.53,144,6808.939,18.67,1993,4
31-05-1993,144.2,119.7,1065.9,3436.9,31.65,3,7.42,144.2,6808.939,18.51,1993,5
30-06-1993,144.3,119.5,1075.1,3442.4,31.7,3.04,7.47,144.4,6808.939,17.65,1993,6
31-07-1993,144.5,119.2,1084.6,3442,31.6,3.06,7.23,144.4,6882.098,16.78,1993,7
31-08-1993,144.8,118.7,1094.2,3445.7,31.6,3.03,7.21,144.8,6882.098,16.7,1993,8
30-09-1993,145,118.7,1104.2,3452.2,31.63,3.09,6.93,145.1,6882.098,16.01,1993,9
31-10-1993,145.6,119.1,1113.1,3456.7,31.53,2.99,6.89,145.7,7013.738,16.61,1993,10
30-11-1993,146,119,1124.1,3470.1,31.43,3.02,7.11,145.8,7013.738,15.2,1993,11
31-12-1993,146.3,118.6,1129.6,3474.5,31.44,2.96,7.25,145.8,7013.738,13.73,1993,12
31-01-1994,146.3,119.1,1131.6,3474.9,31.44,3.05,7.23,146.2,7115.652,14.29,1994,1
28-02-1994,146.7,119.3,1136.3,3475.7,31.44,3.25,6.97,146.7,7115.652,13.8,1994,2
31-03-1994,147.1,119.7,1140.1,3480.1,31.72,3.34,7.51,147.2,7115.652,13.82,1994,3
30-04-1994,147.2,119.7,1141.1,3481.3,31.42,3.56,8.04,147.4,7246.931,15.23,1994,4
31-05-1994,147.5,119.9,1143.3,3490.8,31.38,4.01,8.53,147.5,7246.931,16.19,1994,5
30-06-1994,147.9,120.5,1145.2,3479.5,31.38,4.25,8.55,148,7246.931,16.76,1994,6
31-07-1994,148.4,120.7,1150.7,3488.2,31.3725,4.26,8.57,148.4,7331.075,17.6,1994,7
31-08-1994,149,121.2,1150.6,3485.7,31.3725,4.47,8.38,149,7331.075,16.89,1994,8
30-09-1994,149.3,121,1151.9,3486.1,31.375,4.73,8.48,149.4,7331.075,15.9,1994,9
31-10-1994,149.4,120.9,1150.2,3484.3,31.37,4.76,8.89,149.5,7455.288,16.49,1994,10
30-11-1994,149.8,121.5,1150.9,3487.2,31.39,5.29,9.05,149.7,7455.288,17.19,1994,11
31-12-1994,150.1,121.9,1150.7,3486.4,31.4225,5.45,9.23,149.7,7455.288,15.93,1994,12
31-01-1995,150.5,122.9,1151.4,3492.4,31.3725,5.53,9.22,150.3,7522.289,16.55,1995,1
28-02-1995,150.9,123.5,1147.4,3489.9,31.3725,5.92,8.94,150.9,7522.289,17.11,1995,2
31-03-1995,151.2,123.9,1146.7,3491.1,31.415,5.98,8.53,151.4,7522.289,17.01,1995,3
30-04-1995,151.8,124.6,1149.3,3499.2,31.47,6.05,8.41,151.9,7580.997,18.65,1995,4
31-05-1995,152.1,124.9,1145.3,3524.2,31.44,6.01,8.27,152.2,7580.997,18.35,1995,5
30-06-1995,152.4,125.3,1144.2,3548.9,31.42,6,7.71,152.5,7580.997,17.31,1995,6
31-07-1995,152.6,125.3,1145.5,3567.4,31.41,5.85,7.63,152.5,7683.125,15.85,1995,7
31-08-1995,152.9,125.1,1145.4,3589,31.42,5.74,7.82,152.9,7683.125,16.1,1995,8
30-09-1995,153.1,125.2,1142,3602.1,31.925,5.8,7.76,153.2,7683.125,16.7,1995,9
31-10-1995,153.5,125.3,1137.3,3613.4,33.92,5.76,7.57,153.7,7772.586,16.11,1995,10
30-11-1995,153.7,125.4,1134.1,3619.9,34.6,5.8,7.44,153.6,7772.586,16.86,1995,11
31-12-1995,153.9,125.7,1127.5,3629.5,34.93,5.6,7.33,153.5,7772.586,17.93,1995,12
31-01-1996,154.7,126.3,1123.5,3647.9,35.21,5.56,7.02,154.4,7868.468,17.85,1996,1
29-02-1996,155,126.2,1118.5,3661.8,36.61,5.22,7.02,154.9,7868.468,18,1996,2
31-03-1996,155.5,126.4,1122.6,3686.9,34.6,5.31,7.41,155.7,7868.468,19.85,1996,3
30-04-1996,156.1,127.4,1124.8,3697.7,34.25,5.22,7.78,156.3,8032.84,20.9,1996,4
31-05-1996,156.4,128.1,1116.5,3709.6,34.8,5.24,7.99,156.6,8032.84,19.15,1996,5
30-06-1996,156.7,128,1115.2,3722.5,35.1,5.27,8.3,156.7,8032.84,18.46,1996,6
31-07-1996,157,128,1112.4,3737.1,35.1,5.4,8.14,157,8131.408,19.57,1996,7
31-08-1996,157.2,128.3,1101.6,3744,35.65,5.22,8.23,157.3,8131.408,20.51,1996,8
30-09-1996,157.7,128.2,1096.2,3753.4,35.75,5.3,8.34,157.8,8131.408,22.63,1996,9
31-10-1996,158.2,128,1085.7,3772.8,35.85,5.24,8.06,158.3,8259.771,24.16,1996,10
30-11-1996,158.7,128.2,1083.5,3795.1,35.84,5.31,7.78,158.6,8259.771,22.76,1996,11
31-12-1996,159.1,129.1,1081.3,3818.6,35.8,5.29,7.44,158.6,8259.771,23.78,1996,12
31-01-1997,159.4,129.7,1081.2,3834.6,36,5.25,7.67,159.1,8362.655,23.54,1997,1
28-02-1997,159.7,128.5,1078.8,3846.3,35.88,5.19,7.74,159.6,8362.655,20.85,1997,2
31-03-1997,159.8,127.3,1072.5,3861.2,35.86,5.39,7.84,160,8362.655,19.13,1997,3
30-04-1997,159.9,127,1063.9,3877,35.89,5.51,8.18,160.2,8518.825,17.56,1997,4
31-05-1997,159.9,127.4,1063.8,3889.2,35.77,5.5,8.01,160.1,8518.825,19.02,1997,5
30-06-1997,160.2,127.2,1066.1,3906,35.83,5.56,7.85,160.3,8518.825,17.58,1997,6
31-07-1997,160.4,126.9,1065.5,3923.9,35.83,5.52,7.62,160.5,8662.823,18.46,1997,7
31-08-1997,160.8,127.2,1075.3,3957.4,35.8,5.54,7.36,160.8,8662.823,18.6,1997,8
30-09-1997,161.2,127.5,1066.9,3973.1,36.57,5.54,7.53,161.2,8662.823,18.46,1997,9
31-10-1997,161.5,127.8,1065.6,3992.3,36.2,5.5,7.31,161.6,8765.907,19.87,1997,10
30-11-1997,161.7,127.9,1070.9,4014.8,36.405,5.52,7.24,161.5,8765.907,19.17,1997,11
31-12-1997,161.8,126.8,1072.3,4032.9,39.45,5.5,7.15,161.3,8765.907,17.18,1997,12
31-01-1998,162,125.4,1074,4056.2,39.4,5.56,7.03,161.6,8866.48,15.19,1998,1
28-02-1998,162,125,1077.8,4088.9,38.95,5.51,7.03,161.9,8866.48,14.07,1998,2
31-03-1998,162,124.7,1076.9,4114.3,39.6,5.49,7.19,162.2,8866.48,13.1,1998,3
30-04-1998,162.2,124.9,1076.5,4140.2,39.55,5.45,7.15,162.5,8969.699,13.53,1998,4
31-05-1998,162.6,125.1,1079.1,4164.4,39.82,5.49,7.22,162.8,8969.699,14.36,1998,5
30-06-1998,162.8,124.8,1076.3,4184.1,41.85,5.56,7.05,163,8969.699,12.21,1998,6
31-07-1998,163.2,124.9,1075.1,4203.8,42.35,5.54,6.98,163.2,9121.097,12.08,1998,7
31-08-1998,163.4,124.2,1075.9,4228.7,42.6,5.55,6.94,163.4,9121.097,11.91,1998,8
30-09-1998,163.5,123.8,1079.9,4267.7,42.65,5.51,6.82,163.6,9121.097,13.34,1998,9
31-10-1998,163.9,124,1086,4307.9,42.5,5.07,6.6,164,9293.991,12.7,1998,10
30-11-1998,164.1,123.6,1094.9,4346.6,42.35,4.83,6.89,164,9293.991,11.04,1998,11
31-12-1998,164.4,122.8,1095,4375.6,42.61,4.68,6.71,163.9,9293.991,9.82,1998,12
31-01-1999,164.7,122.9,1098.1,4403,42.6,4.63,6.79,164.3,9411.682,11.11,1999,1
28-02-1999,164.7,122.3,1096.7,4425.8,42.55,4.76,6.75,164.5,9411.682,10.27,1999,2
31-03-1999,164.8,122.6,1096.6,4432.6,42.54,4.81,7.06,165,9411.682,12.51,1999,3
30-04-1999,165.9,123.6,1101.6,4461.4,42.5,4.74,6.98,166.2,9526.21,15.29,1999,4
31-05-1999,166,124.7,1103.8,4486.1,42.85,4.74,7.02,166.2,9526.21,15.23,1999,5
30-06-1999,166,125.2,1099.8,4508,43,4.76,7.41,166.2,9526.21,15.86,1999,6
31-07-1999,166.7,125.7,1099.1,4535.4,43.35,4.99,7.71,166.7,9686.626,19.08,1999,7
31-08-1999,167.1,126.9,1099.2,4552.7,43.38,5.07,7.89,167.1,9686.626,20.22,1999,8
30-09-1999,167.8,128,1096.5,4568.8,43.55,5.22,7.83,167.9,9686.626,22.54,1999,9
31-10-1999,168.1,127.7,1103.3,4592.7,43.73,5.2,7.7,168.2,9900.169,22,1999,10
30-11-1999,168.4,128.3,1110.7,4611.8,43.51,5.42,7.84,168.3,9900.169,24.58,1999,11
31-12-1999,168.8,127.8,1122.2,4639.3,43.45,5.3,7.84,168.3,9900.169,25.47,1999,12
31-01-2000,169.3,128.3,1122.1,4667.6,43.55,5.45,8.15,168.8,10002.179,25.51,2000,1
29-02-2000,170,129.8,1108.6,4680.9,43.62,5.73,8.25,169.8,10002.179,27.78,2000,2
31-03-2000,171,130.8,1107.5,4711.7,43.63,5.85,8.27,171.2,10002.179,27.49,2000,3
30-04-2000,170.9,130.7,1115.6,4767.8,43.632,6.02,8.2,171.3,10247.72,22.76,2000,4
31-05-2000,171.2,131.6,1104.9,4755.7,43.67,6.27,8.28,171.5,10247.72,27.74,2000,5
30-06-2000,172.2,133.8,1102.6,4773.6,44.65,6.53,8.54,172.4,10247.72,29.8,2000,6
31-07-2000,172.7,133.7,1103.5,4791.3,44.72,6.54,8.16,172.8,10318.165,28.68,2000,7
31-08-2000,172.7,132.9,1100.2,4819.5,45.15,6.5,8.12,172.8,10318.165,30.2,2000,8
30-09-2000,173.6,134.7,1099.7,4855.3,45.8,6.52,7.96,173.7,10318.165,33.14,2000,9
31-10-2000,173.9,135.4,1098.7,4871.4,46.1,6.51,7.83,174,10435.744,30.96,2000,10
30-11-2000,174.2,135,1092.4,4882.8,46.82,6.51,7.73,174.1,10435.744,32.55,2000,11
31-12-2000,174.6,136.2,1088.6,4927.7,46.89,6.4,7.65,174,10435.744,25.66,2000,12
31-01-2001,175.6,140,1096.7,4978.4,46.74,5.98,7.07,175.1,10470.231,25.62,2001,1
28-02-2001,176,137.4,1101.2,5017.1,46.41,5.49,7.09,175.8,10470.231,27.5,2001,2
31-03-2001,176.1,135.9,1108.9,5074.9,46.59,5.31,7.03,176.2,10470.231,24.5,2001,3
30-04-2001,176.4,136.4,1116.7,5139.2,46.65,4.8,7.01,176.9,10599,25.66,2001,4
31-05-2001,177.3,136.8,1118.5,5137.3,46.87,4.21,7.14,177.7,10599,28.31,2001,5
30-06-2001,177.7,135.5,1126.2,5180.3,47.05,3.97,7.24,178,10599,27.85,2001,6
31-07-2001,177.4,133.4,1138.9,5210.2,47.18,3.77,7.19,177.5,10598.02,24.61,2001,7
31-08-2001,177.4,133.4,1150.2,5243.9,47.16,3.65,7,177.5,10598.02,25.68,2001,8
30-09-2001,178.1,133.3,1205.7,5355.3,47.22,3.07,6.89,178.3,10598.02,25.62,2001,9
31-10-2001,177.6,130.3,1165.7,5344,48.03,2.49,6.64,177.7,10660.465,20.54,2001,10
30-11-2001,177.5,129.8,1171,5387.7,48.05,2.09,6.56,177.4,10660.465,18.8,2001,11
31-12-2001,177.4,128.1,1183.2,5440.7,47.93,1.82,6.84,176.7,10660.465,18.71,2001,12
31-01-2002,177.7,128.5,1190.7,5461.1,48.27,1.73,7.14,177.1,10783.5,19.42,2002,1
28-02-2002,178,128.4,1190.6,5490.4,48.55,1.74,7.02,177.8,10783.5,20.28,2002,2
31-03-2002,178.5,129.8,1193.3,5502.2,48.76,1.73,6.8,178.8,10783.5,23.7,2002,3
30-04-2002,179.3,130.8,1186.9,5502.3,48.83,1.75,7.13,179.8,10887.46,25.73,2002,4
31-05-2002,179.5,130.8,1189.3,5528.5,48.98,1.75,6.78,179.8,10887.46,25.35,2002,5
30-06-2002,179.6,130.9,1193.3,5553.5,49.07,1.75,6.71,179.9,10887.46,24.08,2002,6
31-07-2002,180,131.2,1199.1,5596.2,48.86,1.73,6.57,180.1,10984.04,25.74,2002,7
31-08-2002,180.5,131.5,1187.1,5638.4,48.68,1.74,6.43,180.7,10984.04,26.65,2002,8
30-09-2002,180.8,132.3,1196.1,5662.5,48.5,1.75,6.15,181,10984.04,28.4,2002,9
31-10-2002,181.2,133.2,1204,5707.2,48.39,1.75,6.01,181.3,11061.433,27.54,2002,10
30-11-2002,181.5,133.1,1209.6,5758.2,48.36,1.34,6.13,181.3,11061.433,24.34,2002,11
31-12-2002,181.8,132.9,1220.2,5779.5,48.32,1.24,6.19,180.9,11061.433,28.33,2002,12
31-01-2003,182.6,135.3,1227.3,5812.3,48.05,1.24,5.85,181.7,11174.129,31.18,2003,1
28-02-2003,183.6,137.6,1238.2,5848.4,47.8,1.26,5.88,183.1,11174.129,32.77,2003,2
31-03-2003,183.9,141.2,1239.3,5868.6,47.7,1.25,5.67,184.2,11174.129,30.61,2003,3
30-04-2003,183.2,136.8,1250,5905.7,47.45,1.26,5.79,183.8,11312.766,25,2003,4
31-05-2003,182.9,136.7,1268.8,5965.5,47.35,1.26,5.7,183.5,11312.766,25.86,2003,5
30-06-2003,183.1,138,1281,6002.4,47.15,1.22,5.26,183.7,11312.766,27.65,2003,6
31-07-2003,183.7,137.7,1287.5,6049.4,46.49,1.01,5.4,183.9,11566.669,28.35,2003,7
31-08-2003,184.5,138,1296.4,6107.3,46.18,1.03,6.14,184.6,11566.669,29.89,2003,8
30-09-2003,185.1,138.5,1297.2,6079.9,45.88,1.01,6.44,185.2,11566.669,27.11,2003,9
31-10-2003,184.9,139.3,1297.8,6070.2,45.7,1.01,5.77,185,11772.234,29.61,2003,10
30-11-2003,185,138.9,1299.1,6075.7,45.32,1,5.98,184.5,11772.234,28.75,2003,11
31-12-2003,185.5,139.5,1306.2,6074,45.77,0.98,6.02,184.3,11772.234,29.81,2003,12
31-01-2004,186.3,141.4,1306,6082.2,45.68,1,5.87,185.2,11923.447,31.28,2004,1
29-02-2004,186.7,142.1,1321.4,6121.9,45.3,1.01,5.72,186.2,11923.447,30.86,2004,2
31-03-2004,187.1,143.1,1328.7,6158,45.32,1,5.59,187.4,11923.447,33.63,2004,3
30-04-2004,187.4,144.8,1332.8,6199.1,43.4,1,5.52,188,12112.815,33.59,2004,4
31-05-2004,188.2,146.8,1333.3,6275.9,44.88,1,6.12,189.1,12112.815,37.57,2004,5
30-06-2004,188.9,147.2,1342.7,6278.1,45.43,1.03,6.28,189.7,12112.815,35.18,2004,6
31-07-2004,189.1,147.4,1340.8,6291.3,45.88,1.26,6.21,189.4,12305.307,38.22,2004,7
31-08-2004,189.2,148,1354.3,6317.9,46.35,1.43,5.99,189.5,12305.307,42.74,2004,8
30-09-2004,189.8,147.7,1362.5,6352.3,46.34,1.61,5.77,189.9,12305.307,43.2,2004,9
31-10-2004,190.8,150,1362.3,6379.9,45.85,1.76,5.82,190.9,12527.214,49.78,2004,10
30-11-2004,191.7,151.4,1374.2,6406.5,45.33,1.93,5.7,191,12527.214,43.11,2004,11
31-12-2004,191.7,150.2,1376,6424.7,44.3,2.16,5.81,190.3,12527.214,39.6,2004,12
31-01-2005,191.6,150.9,1367.1,6431,43.35,2.28,5.77,190.7,12767.286,44.51,2005,1
28-02-2005,192.4,151.6,1371.1,6439.1,43.66,2.5,5.63,191.8,12767.286,45.48,2005,2
31-03-2005,193.1,153.7,1370.9,6448.4,43.58,2.63,5.79,193.3,12767.286,53.1,2005,3
30-04-2005,193.7,155,1358.4,6462,43.62,2.79,5.93,194.6,12922.656,51.88,2005,4
31-05-2005,193.6,154.3,1366,6479.2,43.46,3,5.75,194.4,12922.656,48.65,2005,5
30-06-2005,193.7,154.3,1380.1,6511.8,43.71,3.04,5.62,194.5,12922.656,54.35,2005,6
31-07-2005,194.9,156.3,1369,6543.7,43.45,3.26,5.62,195.4,13142.642,57.52,2005,7
31-08-2005,196.1,157.6,1377.8,6576.5,43.37,3.5,5.82,196.4,13142.642,63.98,2005,8
30-09-2005,198.8,162.2,1378.6,6610.3,43.94,3.62,5.71,198.8,13142.642,62.91,2005,9
31-10-2005,199.1,166.2,1376.5,6644.1,44,3.78,5.98,199.2,13324.204,58.54,2005,10
30-11-2005,198.1,163.7,1376.1,6660.8,45.02,4,6.31,197.6,13324.204,55.24,2005,11
31-12-2005,198.1,163,1374.3,6688,45.97,4.16,6.26,196.8,13324.204,56.86,2005,12
31-01-2006,199.3,164.3,1379.5,6730.3,44.92,4.29,6.21,198.3,13599.16,62.99,2006,1
28-02-2006,199.4,161.8,1378.4,6754.9,44.13,4.49,6.23,198.7,13599.16,60.21,2006,2
31-03-2006,199.7,162.2,1383.2,6769.5,44.35,4.59,6.24,199.8,13599.16,62.06,2006,3
30-04-2006,200.7,164.3,1381.4,6807,44.39,4.79,6.43,201.5,13753.424,70.26,2006,4
31-05-2006,201.3,165.8,1387.2,6813.9,44.77,4.94,6.59,202.5,13753.424,69.78,2006,5
30-06-2006,201.8,166.1,1375.4,6852.1,46.19,4.99,6.67,202.9,13753.424,68.56,2006,6
31-07-2006,202.9,166.8,1372.4,6893.9,45.92,5.24,6.79,203.5,13870.188,73.67,2006,7
31-08-2006,203.8,167.9,1372.4,6925.3,46.51,5.25,6.63,203.9,13870.188,73.23,2006,8
30-09-2006,202.8,165.4,1364.4,6952.6,46.38,5.25,6.47,202.9,13870.188,61.96,2006,9
31-10-2006,201.9,162.2,1370.3,7002,45.97,5.25,6.3,201.8,14039.56,57.81,2006,10
30-11-2006,202,164.6,1370.8,7037.5,44.79,5.25,6.31,201.5,14039.56,58.76,2006,11
31-12-2006,203.1,165.6,1366.6,7080.4,44.5,5.24,6.11,201.8,14039.56,62.47,2006,12
31-01-2007,203.437,164,1371.7,7118.5,44.13,5.25,6.18,202.416,14215.651,53.68,2007,1
28-02-2007,204.226,166.8,1363,7134.6,44.01,5.26,6.34,203.499,14215.651,57.56,2007,2
31-03-2007,205.288,169.3,1366.5,7168.5,44.11,5.26,6.18,205.352,14215.651,62.05,2007,3
30-04-2007,205.904,171.4,1378,7241,43.05,5.25,6.17,206.686,14402.082,67.49,2007,4
31-05-2007,206.755,173.3,1380.9,7254.9,41,5.25,6.16,207.949,14402.082,67.21,2007,5
30-06-2007,207.234,173.8,1368.2,7288.1,40.27,5.25,6.53,208.352,14402.082,71.05,2007,6
31-07-2007,207.603,175.1,1371.8,7319,40.42,5.26,6.63,208.299,14564.117,76.93,2007,7
31-08-2007,207.667,172.4,1376.3,7395.1,40.25,5.02,6.68,207.917,14564.117,70.76,2007,8
30-09-2007,208.547,173.5,1375.7,7413.3,40.63,4.94,6.46,208.49,14564.117,77.17,2007,9
31-10-2007,209.19,174.7,1379.4,7428.4,39.7,4.76,6.37,208.936,14715.058,82.34,2007,10
30-11-2007,210.834,179,1371.8,7453.8,39.22,4.49,6.26,210.177,14715.058,92.41,2007,11
31-12-2007,211.445,178.6,1373.4,7484.2,39.39,4.24,5.96,210.036,14715.058,90.93,2007,12
31-01-2008,212.174,181,1377.7,7517.8,39.41,3.94,6.07,211.08,14706.538,92.18,2008,1
29-02-2008,212.687,182.7,1380.4,7604.2,39.12,2.98,5.67,211.693,14706.538,94.99,2008,2
31-03-2008,213.448,187.9,1388.7,7670.3,40.33,2.61,6.03,213.528,14706.538,103.64,2008,3
30-04-2008,213.942,190.9,1391.4,7712.8,39.88,2.28,5.88,214.823,14865.701,109.07,2008,4
31-05-2008,215.208,196.6,1393.4,7725.5,40.58,1.98,6.06,216.632,14865.701,122.8,2008,5
30-06-2008,217.463,200.5,1404.6,7744.2,42.38,2,6.09,218.815,14865.701,132.32,2008,6
31-07-2008,219.016,205.5,1421.1,7791.5,43.23,2.01,6.35,219.964,14898.999,132.72,2008,7
31-08-2008,218.69,199,1407.4,7806.1,42.26,2,6.52,219.086,14898.999,113.24,2008,8
30-09-2008,218.877,196.9,1462,7872.7,44.4,1.81,6.35,218.783,14898.999,97.23,2008,9
31-10-2008,216.995,186.4,1473.8,7975.3,46.47,0.97,6.1,216.573,14608.209,71.58,2008,10
30-11-2008,213.153,176.8,1514.6,8027.3,48.61,0.39,6.2,212.425,14608.209,52.45,2008,11
31-12-2008,211.398,170.9,1601.7,8205,49.94,0.16,5.53,210.228,14608.209,39.95,2008,12
31-01-2009,211.933,171.2,1582.8,8289.4,48.25,0.15,5.01,211.143,14430.902,43.44,2009,1
28-02-2009,212.705,169.3,1567.2,8319.6,48.84,0.22,5.25,212.193,14430.902,43.32,2009,2
31-03-2009,212.495,168.1,1578.9,8386.7,51.8,0.18,5.15,212.709,14430.902,46.54,2009,3
30-04-2009,212.709,169.1,1611.6,8391.4,50.48,0.15,4.78,213.24,14381.236,50.18,2009,4
31-05-2009,213.022,170.8,1617.5,8449.5,49.65,0.18,4.84,213.856,14381.236,57.3,2009,5
30-06-2009,214.79,174.1,1658.8,8459.5,46.78,0.21,5.29,215.693,14381.236,68.61,2009,6
31-07-2009,214.726,172.5,1662.5,8463.8,47.75,0.16,5.32,215.351,14448.882,64.44,2009,7
31-08-2009,215.445,175,1660,8463.3,47.4,0.16,5.22,215.834,14448.882,72.51,2009,8
30-09-2009,215.861,174.1,1664.9,8461.8,49.05,0.15,5.08,215.969,14448.882,67.65,2009,9
31-10-2009,216.509,175.2,1677.7,8488.1,47.72,0.12,4.94,216.177,14651.249,72.77,2009,10
30-11-2009,217.234,177.4,1683,8517.3,46.81,0.12,4.98,216.33,14651.249,76.66,2009,11
31-12-2009,217.347,178.1,1692.8,8512.5,46.21,0.12,4.71,215.949,14651.249,74.46,2009,12
31-01-2010,217.488,181.9,1674.7,8478,46.27,0.11,5.09,216.687,14764.61,76.17,2010,1
28-02-2010,217.281,181,1699.8,8527.6,46.27,0.13,5.01,216.741,14764.61,73.75,2010,2
31-03-2010,217.353,183.3,1711.9,8523.7,46.01,0.16,4.97,217.631,14764.61,78.83,2010,3
30-04-2010,217.403,184.4,1699,8555.1,44.79,0.2,5.08,218.009,14980.193,84.82,2010,4
31-05-2010,217.29,184.8,1710.1,8609.3,44.46,0.2,5,218.178,14980.193,75.95,2010,5
30-06-2010,217.199,183.5,1731.6,8628.4,47.08,0.18,4.79,217.965,14980.193,74.76,2010,6
31-07-2010,217.605,184.1,1724,8639.8,46.59,0.18,4.58,218.011,15141.607,75.58,2010,7
31-08-2010,217.923,184.9,1748.7,8688.2,46.09,0.19,4.49,218.312,15141.607,77.04,2010,8
30-09-2010,218.275,184.9,1766.2,8718.9,46.74,0.19,4.32,218.439,15141.607,77.84,2010,9
31-10-2010,219.035,186.6,1780.4,8768.7,44.41,0.19,4.27,218.711,15309.474,82.67,2010,10
30-11-2010,219.59,187.7,1828.4,8789.3,44.36,0.19,4.24,218.803,15309.474,85.28,2010,11
31-12-2010,220.472,189.7,1836.7,8822.9,45.29,0.18,4.46,219.179,15309.474,91.45,2010,12
31-01-2011,221.187,192.7,1846.3,8845.2,44.59,0.17,4.77,220.223,15351.448,96.52,2011,1
28-02-2011,221.898,195.8,1870.1,8909,45.65,0.16,4.81,221.309,15351.448,103.72,2011,2
31-03-2011,223.046,199.2,1896.5,8967,44.82,0.14,4.87,223.467,15351.448,114.64,2011,3
30-04-2011,224.093,203.1,1897,9030.4,44.44,0.1,4.87,224.906,15557.539,123.26,2011,4
31-05-2011,224.806,204.1,1941.6,9102.7,44.27,0.09,4.71,225.964,15557.539,114.99,2011,5
30-06-2011,224.806,203.9,1963.4,9176.7,44.84,0.09,4.55,225.722,15557.539,113.83,2011,6
31-07-2011,225.395,204.6,1996,9338.7,44.62,0.07,4.6,225.922,15647.68,116.97,2011,7
31-08-2011,226.106,203.2,2115.4,9525.1,44.06,0.1,4.39,226.545,15647.68,110.22,2011,8
30-09-2011,226.597,203.7,2120,9545.3,45.66,0.08,4.22,226.889,15647.68,112.83,2011,9
31-10-2011,226.75,201.1,2128.5,9578.1,49.09,0.07,3.94,226.421,15842.259,109.55,2011,10
30-11-2011,227.169,201.4,2182,9629.8,49.26,0.08,4,226.23,15842.259,110.77,2011,11
31-12-2011,227.223,199.8,2165.7,9677.4,51.36,0.07,4,225.672,15842.259,107.87,2011,12
31-01-2012,227.842,200.7,2201.8,9750.5,53.11,0.08,3.91,226.665,16068.805,110.69,2012,1
29-02-2012,228.329,201.6,2207.1,9802.2,49.2738,0.1,3.87,227.663,16068.805,119.33,2012,2
31-03-2012,228.807,204.2,2227.8,9846.2,49.14,0.13,3.9,229.392,16068.805,125.45,2012,3
30-04-2012,229.187,203.7,2237.3,9899.8,50.79,0.14,3.98,230.085,16207.115,119.75,2012,4
31-05-2012,228.713,201.9,2256.2,9943,52.5,0.16,3.84,229.815,16207.115,110.34,2012,5
30-06-2012,228.524,199.8,2275.3,10013,55.44,0.16,3.67,229.478,16207.115,95.16,2012,6
31-07-2012,228.59,200.1,2315,10065.7,55.45,0.16,3.62,229.104,16319.541,102.62,2012,7
31-08-2012,229.918,202.7,2354.1,10136.4,55.47,0.13,3.55,230.379,16319.541,113.36,2012,8
30-09-2012,231.015,204.4,2386.6,10216.6,55.61,0.14,3.55,231.407,16319.541,112.86,2012,9
31-10-2012,231.638,203.5,2420.1,10282.8,52.46,0.16,3.36,231.317,16420.419,111.71,2012,10
30-11-2012,231.249,201.8,2441.2,10351.8,53.76,0.16,3.39,230.221,16420.419,109.06,2012,11
31-12-2012,231.221,201.5,2460.7,10474.4,54.66,0.16,3.34,229.601,16420.419,109.49,2012,12
31-01-2013,231.679,202.5,2476.7,10497.6,54.23,0.14,3.34,230.28,16648.189,112.96,2013,1
28-02-2013,232.937,204.3,2468.9,10516.6,53.16,0.15,3.53,232.166,16648.189,116.05,2013,2
31-03-2013,232.282,204,2476.3,10572.9,54.9,0.14,3.52,232.773,16648.189,108.47,2013,3
30-04-2013,231.797,203.5,2504.9,10600.4,54.28,0.15,3.54,232.531,16728.687,102.25,2013,4
31-05-2013,231.893,204.1,2523.5,10634.7,53.65,0.11,3.35,232.945,16728.687,102.56,2013,5
30-06-2013,232.445,204.3,2521,10692.3,56.66,0.09,3.91,233.504,16728.687,102.92,2013,6
31-07-2013,232.9,204.4,2542.3,10731.5,59.38,0.09,4.29,233.596,16953.838,107.93,2013,7
31-08-2013,233.456,204.2,2551.3,10789.6,60.45,0.08,4.39,233.877,16953.838,111.28,2013,8
30-09-2013,233.544,203.9,2585.5,10850,67.71,0.08,4.57,234.149,16953.838,111.6,2013,9
31-10-2013,233.669,202.5,2631.2,10974.2,62.46,0.09,4.22,233.546,17192.019,109.08,2013,10
30-11-2013,234.1,201.2,2638.8,10982.9,61.84,0.08,4.16,233.069,17192.019,107.79,2013,11
31-12-2013,234.719,202,2674.2,11047.8,62.3,0.09,4.46,233.049,17192.019,110.76,2013,12
31-01-2014,235.288,203.8,2714.1,11117.6,62.31,0.07,4.53,233.916,17197.738,108.12,2014,1
28-02-2014,235.547,205.7,2730.2,11183.2,62.63,0.07,4.23,234.781,17197.738,108.9,2014,2
31-03-2014,236.028,207,2749.3,11219.1,62.17,0.08,4.28,236.293,17197.738,107.48,2014,3
30-04-2014,236.468,208.3,2774.2,11264,59.86,0.09,4.41,237.072,17518.508,107.76,2014,4
31-05-2014,236.918,208,2785.3,11328.5,60.11,0.09,4.29,237.9,17518.508,109.54,2014,5
30-06-2014,237.231,208.3,2817.2,11383.7,59.15,0.1,4.14,238.343,17518.508,111.8,2014,6
31-07-2014,237.498,208,2837.3,11438.4,60.05,0.09,4.12,238.25,17804.228,106.77,2014,7
31-08-2014,237.46,207,2787,11462.5,61.2,0.09,4.14,237.852,17804.228,101.61,2014,8
30-09-2014,237.477,206.4,2861.2,11503.7,60.69,0.09,4.1,238.031,17804.228,97.09,2014,9
31-10-2014,237.43,203.4,2880.4,11577.5,61.71,0.09,4.19,237.433,17912.079,87.43,2014,10
30-11-2014,236.983,200.9,2888.2,11618.2,61.38,0.09,4.02,236.151,17912.079,79.44,2014,11
31-12-2014,236.252,197,2955.8,11701.9,61.94,0.12,3.89,234.812,17912.079,62.34,2014,12
31-01-2015,234.747,192,2955.6,11788.8,63.27,0.11,3.73,233.707,18063.529,47.76,2015,1
28-02-2015,235.342,191.1,3025.2,11905.6,61.68,0.11,3.59,234.722,18063.529,58.1,2015,2
31-03-2015,235.976,191.5,3001.2,11903.7,61.87,0.11,3.75,236.119,18063.529,55.89,2015,3
30-04-2015,236.222,190.9,3002.7,11937.6,62.14,0.12,3.7,236.599,18279.784,59.52,2015,4
31-05-2015,237.001,193.4,2978.3,11965,63.63,0.12,3.8,237.805,18279.784,64.08,2015,5
30-06-2015,237.657,194.8,3014.8,12005.6,63.59,0.13,3.87,238.638,18279.784,61.48,2015,6
31-07-2015,238.034,193.9,3035.1,12049.2,63.55,0.13,4.08,238.654,18401.626,56.56,2015,7
31-08-2015,238.033,191.9,3014.3,12093.7,63.99,0.14,3.91,238.316,18401.626,46.52,2015,8
30-09-2015,237.498,189.1,3038,12154.8,66.34,0.14,3.89,237.945,18401.626,47.62,2015,9
31-10-2015,237.733,187.5,3017.9,12206.1,65.57,0.12,3.85,237.838,18435.137,48.43,2015,10
30-11-2015,238.017,185.7,3074.6,12297.5,65.58,0.12,3.87,237.336,18435.137,44.27,2015,11
31-12-2015,237.761,183.5,3106.3,12368.7,66.46,0.24,3.93,236.525,18435.137,38.01,2015,12
31-01-2016,237.652,182.6,3107.2,12506,66.56,0.34,3.97,236.916,18525.933,30.7,2016,1
29-02-2016,237.336,181.3,3142.5,12578.2,67.92,0.38,3.72,237.111,18525.933,32.18,2016,2
31-03-2016,238.08,182.1,3157.8,12629,67.75,0.36,3.64,238.132,18525.933,38.21,2016,3
30-04-2016,238.992,183.2,3200.1,12708,66.34,0.37,3.59,239.261,18711.702,41.58,2016,4
31-05-2016,239.557,185.3,3236.8,12775,66.36,0.37,3.61,240.229,18711.702,46.74,2016,5
30-06-2016,240.222,187.6,3242.5,12835.4,67.44,0.38,3.66,241.018,18711.702,48.25,2016,6
31-07-2016,240.101,187.7,3242.1,12889.7,67.24,0.39,3.41,240.628,18892.639,44.95,2016,7
31-08-2016,240.545,186.6,3310.8,12973.9,66.63,0.4,3.43,240.849,18892.639,45.84,2016,8
30-09-2016,241.176,186.9,3319.6,13034.2,66.85,0.4,3.46,241.428,18892.639,46.57,2016,9
31-10-2016,241.741,186.7,3332,13107.5,66.52,0.4,3.42,241.729,19089.379,49.52,2016,10
30-11-2016,242.026,186.3,3347.1,13181,66.7,0.41,3.54,241.353,19089.379,44.73,2016,11
31-12-2016,242.637,188.2,3345.4,13226.1,68.29,0.54,4.08,241.432,19089.379,53.31,2016,12
31-01-2017,243.618,190.7,3399.1,13300.7,68.37,0.65,4.2,242.839,19280.084,54.58,2017,1
28-02-2017,244.006,191.6,3409.9,13367.3,67.4,0.66,4.19,243.603,19280.084,54.87,2017,2
31-03-2017,243.892,191.5,3455.8,13428.7,66.83,0.79,4.1,243.801,19280.084,51.59,2017,3
30-04-2017,244.193,193,3454.5,13484.7,65.03,0.9,4.1,244.524,19438.643,52.31,2017,4
31-05-2017,244.004,192.8,3517.8,13536.7,64.25,0.91,4.02,244.733,19438.643,50.33,2017,5
30-06-2017,244.163,193.6,3525.5,13558.5,64.39,1.04,3.94,244.955,19438.643,46.37,2017,6
31-07-2017,244.243,193.5,3546.3,13615.4,64.84,1.15,3.96,244.786,19692.595,48.48,2017,7
31-08-2017,245.183,193.8,3581.8,13674.6,64.06,1.16,3.93,245.519,19692.595,51.7,2017,8
30-09-2017,246.435,194.8,3563.6,13723,64.02,1.15,3.78,246.819,19692.595,56.15,2017,9
31-10-2017,246.626,194.9,3603.9,13782.3,65.28,1.15,3.85,246.663,20037.088,57.51,2017,10
30-11-2017,247.284,195.9,3622,13814.9,64.56,1.16,3.94,246.669,20037.088,62.71,2017,11
31-12-2017,247.805,196.3,3612.6,13873.8,64.5,1.3,3.94,246.524,20037.088,64.37,2017,12
31-01-2018,248.859,197.9,3659.1,13883.2,63.46,1.41,3.95,247.867,20328.553,69.08,2018,1
28-02-2018,249.529,199.3,3621.3,13919.3,63.97,1.42,4.22,248.991,20328.553,65.32,2018,2
31-03-2018,249.577,199.3,3667.4,13976,65.2,1.51,4.43,249.554,20328.553,66.02,2018,3
30-04-2018,250.227,200.3,3664,13993.9,65.11,1.69,4.4,250.546,20580.912,72.11,2018,4
31-05-2018,250.792,203.2,3655.7,14049.6,66.52,1.7,4.55,251.588,20580.912,76.98,2018,5
30-06-2018,251.018,204.2,3655.9,14109.9,66.99,1.82,4.54,251.989,20580.912,74.41,2018,6
31-07-2018,251.214,204.3,3679.5,14144.2,68.78,1.91,4.52,252.006,20798.73,74.25,2018,7
31-08-2018,251.663,203.4,3686.3,14193.9,68.37,1.91,4.6,252.146,20798.73,72.53,2018,8
30-09-2018,252.182,203.6,3694.8,14229.3,71.58,1.95,4.54,252.439,20798.73,78.89,2018,9
31-10-2018,252.772,204.6,3722.9,14241.4,72.92,2.19,4.71,252.885,20917.867,81.03,2018,10
30-11-2018,252.594,202.3,3697.3,14260.8,73.45,2.2,4.83,252.038,20917.867,64.75,2018,11
31-12-2018,252.767,201,3761,14382.6,70.4,2.27,4.75,251.233,20917.867,57.36,2018,12
31-01-2019,252.561,199.1,3754.1,14446.1,70.02,2.4,4.51,251.712,21111.6,59.41,2019,1
28-02-2019,253.319,199.2,3762.3,14481.2,71.41,2.4,4.41,252.776,21111.6,63.96,2019,2
31-03-2019,254.277,200.8,3738.4,14526.2,70.9,2.41,4.41,254.202,21111.6,66.14,2019,3
30-04-2019,255.233,202.1,3789.9,14554.5,69.18,2.42,4.08,255.548,21397.938,71.23,2019,4
31-05-2019,255.296,201.7,3789.2,14652.4,69.52,2.39,4.14,256.092,21397.938,71.32,2019,5
30-06-2019,255.213,200.3,3832.1,14771.4,69.15,2.38,3.82,256.143,21397.938,64.22,2019,6
31-07-2019,255.802,200.7,3862.5,14853.5,68.87,2.4,3.75,256.571,21717.171,63.92,2019,7
31-08-2019,256.036,199.2,3847.1,14934.7,69,2.13,3.75,256.558,21717.171,59.04,2019,8
30-09-2019,256.43,198.4,3894,15031.4,72.2,2.04,3.49,256.759,21717.171,62.83,2019,9
31-10-2019,257.155,198.6,3926.3,15167.3,71.11,1.83,3.65,257.346,21933.217,59.71,2019,10
30-11-2019,257.879,199,3942.6,15276.9,70.76,1.55,3.69,257.208,21933.217,63.21,2019,11
31-12-2019,258.63,199,4003.6,15348,71.65,1.55,3.68,256.974,21933.217,67.31,2019,12
31-01-2020,259.127,199.3,3989.3,15416.8,71.34,1.55,3.72,257.971,21727.657,63.65,2020,1
29-02-2020,259.25,196.7,4001.1,15467,71.32,1.58,3.45,258.678,21727.657,55.66,2020,2
31-03-2020,258.076,193.1,4266,15993.8,72.88,0.65,3.29,258.115,21727.657,32.01,2020,3
30-04-2020,256.032,185.5,4804.3,17005.8,76.4,0.05,3.33,256.389,19935.444,18.38,2020,4
31-05-2020,255.802,188.6,16231.5,17853.4,75.75,0.05,3.26,256.394,19935.444,29.38,2020,5
30-06-2020,257.042,191.2,16554.5,18141.1,75.56,0.08,3.18,257.797,19935.444,40.27,2020,6
31-07-2020,258.352,193,16761.7,18298,75.5,0.09,3.07,259.101,21684.551,43.24,2020,7
31-08-2020,259.316,194.3,16879.5,18364.3,75.2,0.1,2.88,259.918,21684.551,44.74,2020,8
30-09-2020,259.997,195.5,17159.2,18596.6,73,0.09,2.93,260.28,21684.551,40.91,2020,9
31-10-2020,260.319,196.5,17360.5,18751.3,73.18,0.09,2.88,260.388,22068.767,40.19,2020,10
30-11-2020,260.911,198.3,17618.5,18979.1,74.51,0.09,2.78,260.229,22068.767,42.69,2020,11
31-12-2020,262.045,200.5,17827.9,19133.2,73.51,0.09,2.71,260.474,22068.767,49.99,2020,12
31-01-2021,262.639,204.8,18088.5,19359.7,73.08,0.09,2.65,261.582,22656.793,54.77,2021,1
28-02-2021,263.573,210.6,18349.1,19596.7,73.11,0.08,2.73,263.014,22656.793,62.28,2021,2
31-03-2021,264.847,215,18607.9,19823.4,73.4,0.07,3.02,264.877,22656.793,65.41,2021,3
30-04-2021,266.625,217.9,18969.6,20161.8,73.32,0.07,3.18,267.054,23368.861,64.81,2021,4
31-05-2021,268.404,224.9,19257.9,20430.6,73.82,0.06,2.96,269.195,23368.861,68.53,2021,5
30-06-2021,270.71,228.9,19318.5,20472.7,72.83,0.08,2.99,271.696,23368.861,73.16,2021,6
31-07-2021,271.965,231.85,19488.7,20628.4,74.56,0.1,2.98,273.003,23921.991,75.17,2021,7
31-08-2021,272.752,233.415,19686.7,20811,74.35,0.09,2.77,273.567,23921.991,70.61,2021,8
30-09-2021,273.942,235.678,19867.6,20979,72.99,0.08,2.87,274.31,23921.991,74.49,2021,9
31-10-2021,276.528,240.465,20046.8,21142.5,74.15,0.08,2.99,276.589,24777.038,83.54,2021,10
30-11-2021,278.824,243.287,20235.2,21316.9,74.83,0.08,3.09,277.948,24777.038,81.05,2021,11
31-12-2021,280.806,241.338,20398.8,21471.1,74.83,0.08,3.11,278.802,24777.038,74.17,2021,12
31-01-2022,282.542,246.453,20520.6,21587,74.32,0.08,3.22,281.148,25215.491,86.51,2022,1
28-02-2022,284.525,252.66,20640.8,21684.8,74.78,0.08,3.55,283.716,25215.491,97.13,2022,2
31-03-2022,287.467,260.014,20684.4,21721.3,75.79,0.2,3.76,287.504,25215.491,117.25,2022,3
30-04-2022,288.582,265.31,20727.2,21750,75.96,0.33,4.72,289.109,25805.791,104.58,2022,4
31-05-2022,291.299,273.251,20669.4,21690.7,76.49,0.77,5.27,292.296,25805.791,113.34,2022,5
30-06-2022,295.072,280.251,20593,21642.8,77.59,1.21,5.09,296.311,25805.791,122.71,2022,6
31-07-2022,294.94,272.274,20531.7,21641.7,78.89,1.68,5.3,296.276,26272.011,111.93,2022,7
31-08-2022,295.162,269.546,20435.1,21606.8,78.93,2.33,4.99,296.171,26272.011,100.45,2022,8
30-09-2022,296.421,267.898,20281.4,21521.1,79.65,2.56,5.66,296.808,26272.011,89.76,2022,9
31-10-2022,297.979,265.061,20092.2,21424.3,81.56,3.08,6.66,298.012,26734.277,93.33,2022,10
30-11-2022,298.708,263.157,19922.9,21357.8,82.62,3.78,6.95,297.711,26734.277,91.42,2022,11
31-12-2022,298.808,257.897,19671.2,21218.9,81.17,4.1,6.49,296.797,26734.277,80.92,2022,12
31-01-2023,300.456,260.227,19527.3,21205.1,82.86,4.33,6.48,299.17,27164.359,82.5,2023,1
28-02-2023,301.476,258.669,19384.7,21184.3,81.73,4.57,6.09,300.84,27164.359,82.59,2023,2
31-03-2023,301.643,257.062,18925.1,20876.1,82.43,4.65,6.65,301.836,27164.359,78.43,2023,3
30-04-2023,302.858,256.908,18615.2,20729.8,82.24,4.83,6.28,303.363,27453.815,84.64,2023,4
31-05-2023,303.316,253.67,18548.9,20801.1,81.84,5.06,6.39,304.127,27453.815,75.47,2023,5
30-06-2023,304.099,253.86,18434.9,20782.7,82.41,5.08,6.79,305.109,27453.815,74.84,2023,6
31-07-2023,304.615,253.835,18342.1,20772.2,81.96,5.12,6.81,305.691,27967.697,80.11,2023,7
31-08-2023,306.138,257.68,18225.9,20747.1,82.25,5.33,6.9,307.026,27967.697,86.15,2023,8
30-09-2023,307.374,258.934,18124.6,20720.4,82.69,5.33,7.12,307.789,27967.697,93.72,2023,9
31-10-2023,307.653,255.192,18022.9,20687.6,83.04,5.33,7.49,307.671,28296.967,90.6,2023,10
30-11-2023,308.087,252.856,17957.4,20696.7,83.24,5.33,7.76,307.051,28296.967,82.94,2023,11
31-12-2023,308.735,249.866,17914.8,20701.2,83.27,5.33,7.03,306.746,28296.967,77.63,2023,12
31-01-2024,309.794,251.306,17943.2,20773,83.31,5.33,6.62,308.417,28624.069,80.12,2024,1
29-02-2024,311.022,254.926,17983.8,20860.9,82.95,5.33,6.63,310.326,28624.069,83.48,2024,2
31-03-2024,312.107,255.095,17980.6,20901.1,82.91,5.33,6.88,312.332,28624.069,85.41,2024,3
30-04-2024,313.016,256.978,17973.8,20932.7,83.36,5.33,6.82,313.548,29016.714,89.94,2024,4
31-05-2024,313.14,255.313,18002.9,20997.6,83.45,5.33,7.22,314.069,29016.714,81.75,2024,5
30-06-2024,313.131,255.914,18039,21065.6,83.14,5.33,6.99,314.175,29016.714,82.25,2024,6
31-07-2024,313.566,257.321,18036.8,21098,83.44,5.33,6.95,314.54,29374.914,85.15,2024,7
31-08-2024,314.131,255.463,18091.4,21185.1,83.7,5.33,6.73,314.796,29374.914,80.36,2024,8
30-09-2024,314.851,252.682,18157.1,21272.1,83.94,5.13,6.35,315.301,29374.914,74.02,2024,9
31-10-2024,315.564,253.081,18215.1,21323.5,83.81,4.83,6.12,315.664,29723.864,75.63,2024,10
30-11-2024,316.449,253.211,18327.9,21424.3,84.03,4.64,6.79,315.493,29723.864,74.35,2024,11
31-12-2024,317.603,253.423,18358.6,21441.8,84.74,4.48,6.69,315.605,29723.864,73.86,2024,12
31-01-2025,319.086,257.36,18441.1,21510.9,85.75,4.33,6.91,317.671,29962.047,79.27,2025,1
28-02-2025,319.775,259.498,18501.1,21584.1,87.19,4.33,6.89,319.082,29962.047,75.44,2025,2
31-03-2025,319.615,258.525,18524.9,21656.9,87.35,4.33,6.63,319.799,29962.047,72.73,2025,3
30-04-2025,320.321,258.369,18648,21804.5,85.46,4.33,6.64,320.795,30331.117,68.13,2025,4
31-05-2025,320.58,258.606,18693,21883.6,84.58,4.33,6.76,321.465,30331.117,64.45,2025,5
30-06-2025,321.5,260.648,18803,22020.8,85.33,4.33,6.85,322.561,30331.117,71.44,2025,6
31-07-2025,322.132,262.528,,,85.58,4.33,6.67,323.048,30331.117,71.04,2025,7
31-08-2025,,,,,87.54,,6.63,,30331.117,,2025,8
